numero,codigo,descricao,un,saldo,preco,valor_total,data_entrega,razao,cod_terceiro
399240,5525,CHAPEU INJ TRAPEZIO PRETO 8380/8381 IOWA,CT,200,"226,87","453,74",2025-09-21 00:00:00.000,CIRNA IND DE PLASTICOS E MOLDES LTDA,92
405212,10825,PORTA MOLDE 35X45 P20-C3-M3A P C=302595,UN,1,"18981,67","18981,67",2025-09-22 00:00:00.000,POLIMOLD INDUSTRIAL S/A,4058
405212,10824,PORTA MOLDE 25X35 P20-C2-M3A P C-=302594,UN,1,"8071,44","8071,44",2025-10-20 00:00:00.000,POLIMOLD INDUSTRIAL S/A,4058
406190,10672,LENTE INJ ARANDELA 15CM CRISTAL TRIANG,CT,200,"297,86","595,72",2025-11-01 00:00:00.000,CIRNA IND DE PLASTICOS E MOLDES LTDA,92
407646,10877,"MOLA ARAME INOX 0,9MM P/ LAMP G9",UN,1000,"0,47",470,2025-08-01 00:00:00.000,CONNECT MOLAS SOLUCOES TRANSFOR METAL,6023
407646,10901,"MOLA FITA 0,70X16MM P/ LAMP MR11 ZB",UN,1000,"1,02",1020,2025-08-01 00:00:00.000,CONNECT MOLAS SOLUCOES TRANSFOR METAL,6023
407646,10908,"MOLA FITA 0,70X16MM P/ LAMP MR16 ZB",UN,1000,"1,45",1450,2025-08-01 00:00:00.000,CONNECT MOLAS SOLUCOES TRANSFOR METAL,6023
407646,10888,"MOLA FITA 0,70X16MM P/ GESSO ZB",UN,1000,"1,45",1450,2025-08-01 00:00:00.000,CONNECT MOLAS SOLUCOES TRANSFOR METAL,6023
407646,10924,"MOLA FITA 0,70X16MM P/ LAMP PAR20 ZB",UN,1000,"1,62",1620,2025-08-01 00:00:00.000,CONNECT MOLAS SOLUCOES TRANSFOR METAL,6023
407894,561,NIPEL INJ 35MM PR,CT,2000,"15,97","319,4",2025-09-19 00:00:00.000,CIRNA IND DE PLASTICOS E MOLDES LTDA,92
409555,5554,LENTE INJ REDONDA  MINESSOTA,CT,300,"297,63","892,89",2025-10-03 00:00:00.000,CIRNA IND DE PLASTICOS E MOLDES LTDA,92
409990,589,QUADRO INJ P/LANTER SEX PR,CT,400,"276,4","1105,6",2025-10-06 00:00:00.000,CIRNA IND DE PLASTICOS E MOLDES LTDA,92
409990,2277,GRADE INJ ARAN PR LINHA ARIZONA REF:8294,CT,100,"192,31","192,31",2025-11-01 00:00:00.000,CIRNA IND DE PLASTICOS E MOLDES LTDA,92
409990,4582,QUADRO INJ PRETO 8340/8341 LIN. VIRGINIA,CT,200,"178,09","356,18",2025-09-22 00:00:00.000,CIRNA IND DE PLASTICOS E MOLDES LTDA,92
409990,4582,QUADRO INJ PRETO 8340/8341 LIN. VIRGINIA,CT,200,"178,09","356,18",2025-10-13 00:00:00.000,CIRNA IND DE PLASTICOS E MOLDES LTDA,92
409990,2280,GRADE INJ ARAN PR LINHA ARIZONA REF:8297,CT,100,"296,93","296,93",2025-11-01 00:00:00.000,CIRNA IND DE PLASTICOS E MOLDES LTDA,92
409990,2275,BASE INJ ARAN BR LINHA ARIZONA,CT,120,"230,17","276,204",2025-10-30 00:00:00.000,CIRNA IND DE PLASTICOS E MOLDES LTDA,92
409990,2275,BASE INJ ARAN BR LINHA ARIZONA,CT,120,"230,17","276,204",2025-12-01 00:00:00.000,CIRNA IND DE PLASTICOS E MOLDES LTDA,92
409990,9614,CHAPEU INJ MARROM 8340/8341 LIN. VIRGINI,CT,240,"198,73","476,952",2025-10-27 00:00:00.000,CIRNA IND DE PLASTICOS E MOLDES LTDA,92
410572,11021,ARANDELA G9  INJ PRETO REF:81140,CT,150,844,1266,2025-09-08 00:00:00.000,CIRNA IND DE PLASTICOS E MOLDES LTDA,92
410572,11022,ARANDELA G9  INJ BRANCO REF:81140,CT,150,844,1266,2025-09-08 00:00:00.000,CIRNA IND DE PLASTICOS E MOLDES LTDA,92
410645,9867,FUNDO ARAN 15 CM LINHA DUBLIN MARROM,CT,200,"201,27","402,54",2025-09-10 00:00:00.000,CIRNA IND DE PLASTICOS E MOLDES LTDA,92
410645,601,FUNDO ARAND 8237 INJ PR,CT,100,"280,37","280,37",2025-10-03 00:00:00.000,CIRNA IND DE PLASTICOS E MOLDES LTDA,92
410645,601,FUNDO ARAND 8237 INJ PR,CT,100,"280,37","280,37",2025-11-03 00:00:00.000,CIRNA IND DE PLASTICOS E MOLDES LTDA,92
410645,4583,QUADRO INJ BRANCO 8340/8341 LIN VIRGINIA,CT,100,"209,53","209,53",2025-10-03 00:00:00.000,CIRNA IND DE PLASTICOS E MOLDES LTDA,92
410645,5549,CHAPEU INJ RED LIN MINESOTA PR,CT,480,"162,99","782,352",2025-10-10 00:00:00.000,CIRNA IND DE PLASTICOS E MOLDES LTDA,92
410645,9867,FUNDO ARAN 15 CM LINHA DUBLIN MARROM,CT,200,"201,27","402,54",2025-10-20 00:00:00.000,CIRNA IND DE PLASTICOS E MOLDES LTDA,92
410645,569,TRAVESSA INJ PR,CT,2000,"32,99","659,8",2025-10-20 00:00:00.000,CIRNA IND DE PLASTICOS E MOLDES LTDA,92
410645,10136,GRADE ARANDELA 15CM HORIZONTAL BRANCA,CT,100,"293,94","293,94",2025-10-13 00:00:00.000,CIRNA IND DE PLASTICOS E MOLDES LTDA,92
410645,10136,GRADE ARANDELA 15CM HORIZONTAL BRANCA,CT,100,"293,94","293,94",2025-11-07 00:00:00.000,CIRNA IND DE PLASTICOS E MOLDES LTDA,92
410645,10136,GRADE ARANDELA 15CM HORIZONTAL BRANCA,CT,100,"293,94","293,94",2025-12-08 00:00:00.000,CIRNA IND DE PLASTICOS E MOLDES LTDA,92
410645,569,TRAVESSA INJ PR,CT,1000,"32,99","329,9",2025-11-03 00:00:00.000,CIRNA IND DE PLASTICOS E MOLDES LTDA,92
410950,598,FRENTE ARAND 8237 INJ PR,CT,150,"323,48","485,22",2025-09-18 00:00:00.000,CIRNA IND DE PLASTICOS E MOLDES LTDA,92
410950,516,LENTE SEXTAVADA C/TEXTURA,CT,960,"69,19","664,224",2025-09-18 00:00:00.000,CIRNA IND DE PLASTICOS E MOLDES LTDA,92
410950,517,LENTE GR QUADRADA C/ TEXTURA,CT,390,"225,57","879,723",2025-09-18 00:00:00.000,CIRNA IND DE PLASTICOS E MOLDES LTDA,92
410950,573,BOLA QUADRADA S/FURO PRETA,CT,400,"81,08","324,32",2025-09-18 00:00:00.000,CIRNA IND DE PLASTICOS E MOLDES LTDA,92
410950,577,CHAPEU INJ GR QUADRADO PRETO,CT,360,"347,01","1249,236",2025-09-18 00:00:00.000,CIRNA IND DE PLASTICOS E MOLDES LTDA,92
410950,598,FRENTE ARAND 8237 INJ PR,CT,150,"323,48","485,22",2025-10-17 00:00:00.000,CIRNA IND DE PLASTICOS E MOLDES LTDA,92
410950,516,LENTE SEXTAVADA C/TEXTURA,CT,960,"69,19","664,224",2025-10-03 00:00:00.000,CIRNA IND DE PLASTICOS E MOLDES LTDA,92
410950,517,LENTE GR QUADRADA C/ TEXTURA,CT,390,"225,57","879,723",2025-10-01 00:00:00.000,CIRNA IND DE PLASTICOS E MOLDES LTDA,92
410950,573,BOLA QUADRADA S/FURO PRETA,CT,400,"81,08","324,32",2025-10-06 00:00:00.000,CIRNA IND DE PLASTICOS E MOLDES LTDA,92
410950,577,CHAPEU INJ GR QUADRADO PRETO,CT,360,"347,01","1249,236",2025-10-03 00:00:00.000,CIRNA IND DE PLASTICOS E MOLDES LTDA,92
410950,7039,CHAPEU ARAND. INJ PRETO 8336 ASPEN,CT,272,"110,44","300,3968",2025-10-10 00:00:00.000,CIRNA IND DE PLASTICOS E MOLDES LTDA,92
410950,8168,LENTE SEXTAVADA CRISTAL,CT,960,"69,19","664,224",2025-09-18 00:00:00.000,CIRNA IND DE PLASTICOS E MOLDES LTDA,92
410950,8168,LENTE SEXTAVADA CRISTAL,CT,960,"69,19","664,224",2025-10-03 00:00:00.000,CIRNA IND DE PLASTICOS E MOLDES LTDA,92
411031,7169,CONJ.8335/8336 PR (LENTE+QUADRO),CT,720,"450,22","3241,584",2025-09-18 00:00:00.000,CIRNA IND DE PLASTICOS E MOLDES LTDA,92
411031,7169,CONJ.8335/8336 PR (LENTE+QUADRO),CT,720,"450,22","3241,584",2025-10-03 00:00:00.000,CIRNA IND DE PLASTICOS E MOLDES LTDA,92
411031,579,QUADRO INJ P/ LANTER QUADRA PR,CT,200,"380,6","761,2",2025-10-06 00:00:00.000,CIRNA IND DE PLASTICOS E MOLDES LTDA,92
411260,8581,CONJ.8335/8336 OURO VELHO (LENTE+QUADRO),CT,216,"481,25","1039,5",2025-09-16 00:00:00.000,CIRNA IND DE PLASTICOS E MOLDES LTDA,92
411260,9677,FUNDO ARAN 15 CM LINHA DUBLIN PRETO,CT,200,"159,42","318,84",2025-09-16 00:00:00.000,CIRNA IND DE PLASTICOS E MOLDES LTDA,92
411260,587,CHAPEU INJ P/ LANTER SEX PR,CT,528,"228,3","1205,424",2025-10-03 00:00:00.000,CIRNA IND DE PLASTICOS E MOLDES LTDA,92
411260,7046,BRACO INJ MINI ARAN BRANCO 8336 ASPEN,CT,648,"158,4","1026,432",2025-10-06 00:00:00.000,CIRNA IND DE PLASTICOS E MOLDES LTDA,92
411260,7170,CONJ.8335/8336 BR (LENTE+QUADRO),CT,432,"478,97","2069,1504",2025-10-10 00:00:00.000,CIRNA IND DE PLASTICOS E MOLDES LTDA,92
411260,8581,CONJ.8335/8336 OURO VELHO (LENTE+QUADRO),CT,216,"481,25","1039,5",2025-10-17 00:00:00.000,CIRNA IND DE PLASTICOS E MOLDES LTDA,92
411260,8581,CONJ.8335/8336 OURO VELHO (LENTE+QUADRO),CT,288,"481,25",1386,2025-11-07 00:00:00.000,CIRNA IND DE PLASTICOS E MOLDES LTDA,92
411260,9677,FUNDO ARAN 15 CM LINHA DUBLIN PRETO,CT,200,"159,42","318,84",2025-10-13 00:00:00.000,CIRNA IND DE PLASTICOS E MOLDES LTDA,92
411288,8182,CX  MASTER 470X385X220  REF: 8338,UN,60,"4,78","286,8",2025-09-17 00:00:00.000,SANTO EXPEDITO IND. EMBA. COM. APARAS,4630
411288,1031,CX PAP SIMPLES KRAFT REF: 8116,UN,60,"8,41","504,6",2025-09-17 00:00:00.000,SANTO EXPEDITO IND. EMBA. COM. APARAS,4630
411535,1019,CX SIMPLES MASTER 495x168x295 REF 8274/1,UN,20,"2,9",58,2025-09-21 00:00:00.000,SANTO EXPEDITO IND. EMBA. COM. APARAS,4630
411535,1176,CX SIMPLES MASTER 430x380x400- REF.8119,UN,40,"5,83","233,2",2025-09-21 00:00:00.000,SANTO EXPEDITO IND. EMBA. COM. APARAS,4630
411535,9577,CX SEM IMPRESSÃO REF: 8124 KRAFT,UN,40,"3,27","130,8",2025-09-21 00:00:00.000,SANTO EXPEDITO IND. EMBA. COM. APARAS,4630
411535,10134,CX  MASTER  425X340X165 REF:351,UN,20,"3,61","72,2",2025-09-21 00:00:00.000,SANTO EXPEDITO IND. EMBA. COM. APARAS,4630
411589,10711,CX SIMPLES KRAFT REF: 8122 SEM IMPRESSÃO,UN,40,"9,26","370,4",2025-09-21 00:00:00.000,SANTO EXPEDITO IND. EMBA. COM. APARAS,4630
411753,10690,CX PAP SIMPLES KRAFT OVAL  REF: 8190,UN,80,"1,12","89,6",2025-09-22 00:00:00.000,SANTO EXPEDITO IND. EMBA. COM. APARAS,4630
411753,1018,CX SIMPLES MASTER 335x316x323 REF-8273,UN,40,"3,89","155,6",2025-09-22 00:00:00.000,SANTO EXPEDITO IND. EMBA. COM. APARAS,4630
411753,4630,CX SIMPLES MASTER 692x350x284 REF:8341,UN,20,"6,08","121,6",2025-09-22 00:00:00.000,SANTO EXPEDITO IND. EMBA. COM. APARAS,4630
411753,7119,CX PAP SIMPLES KRAFT REF: 8441,UN,40,"1,04","41,6",2025-09-22 00:00:00.000,SANTO EXPEDITO IND. EMBA. COM. APARAS,4630
411753,8181,CX  MASTER  410X265X390 REF: 335,UN,40,"4,1",164,2025-09-22 00:00:00.000,SANTO EXPEDITO IND. EMBA. COM. APARAS,4630
411753,8182,CX  MASTER 470X385X220  REF: 8338,UN,20,"4,78","95,6",2025-09-22 00:00:00.000,SANTO EXPEDITO IND. EMBA. COM. APARAS,4630
411753,10691,CX PAP SIMPLES KRAFT TRIANGULAR REF 8191,UN,35,"1,14","39,9",2025-09-22 00:00:00.000,SANTO EXPEDITO IND. EMBA. COM. APARAS,4630